<?xml version="1.0" encoding="UTF-8" standalone="no"?><TaskList Version="2.0"><Task Active="false" ConnectorKind="local" CreationDate="2013-05-09 21:35:01.820 +0200" DueDate="" EndDate="" Estimated="0" Handle="local-11" IssueURL="" Kind="task" Label="scenario &quot;PRJF3&quot;" LastModified="now" MarkReadPending="false" ModificationDate="" Notes="The user can run all test cases existing in one RSL file. This implies RTESTUPDATE, PROBLEMSUPDATE and CONSOLEUPDATE" NotifiedIncoming="true" Owner="local" Priority="P3" Reminded="false" RepositoryUrl="local" ScheduledEndDate="2013-05-11 23:59:59.999 +0200" ScheduledStartDate="2013-05-05 00:00:00.0 +0200" Stale="false" TaskId="11" offlineSyncState="SYNCHRONIZED"/><Task Active="false" ConnectorKind="local" CreationDate="2013-05-09 21:40:22.353 +0200" DueDate="" EndDate="" Estimated="0" Handle="local-19" IssueURL="" Kind="task" Label="scenario &quot;PRJF1&quot;" LastModified="now" MarkReadPending="false" ModificationDate="" Notes="The user can TYPECHECK one RSL file. This implies CONSOLEUPDATE, PROBLEMSUPDATE and EDITORUPDATE" NotifiedIncoming="true" Owner="local" Priority="P3" Reminded="false" RepositoryUrl="local" ScheduledEndDate="2013-05-11 23:59:59.999 +0200" ScheduledStartDate="2013-05-05 00:00:00.0 +0200" Stale="false" TaskId="19" offlineSyncState="SYNCHRONIZED"/><Task Active="false" ConnectorKind="local" CreationDate="2013-05-09 21:38:50.876 +0200" DueDate="" EndDate="" Estimated="0" Handle="local-16" IssueURL="" Kind="task" Label="scenario &quot;PRJ2&quot;" LastModified="now" MarkReadPending="false" ModificationDate="" Notes="The user can SMLTRANSLATEPRJ RSL files in a project. This implies PROBLEMSUPDATE, CONSOLEUPDATE and EDITORUPDATE" NotifiedIncoming="true" Owner="local" Priority="P3" Reminded="false" RepositoryUrl="local" ScheduledEndDate="2013-05-11 23:59:59.999 +0200" ScheduledStartDate="2013-05-05 00:00:00.0 +0200" Stale="false" TaskId="16" offlineSyncState="SYNCHRONIZED"/><Task Active="false" ConnectorKind="local" CreationDate="2013-05-09 21:36:43.501 +0200" DueDate="" EndDate="" Estimated="0" Handle="local-14" IssueURL="" Kind="task" Label="scenario &quot;EDT3&quot;" LastModified="now" MarkReadPending="false" ModificationDate="" Notes="The user can RUNTESTS cases in the active RSL file. This implies PROBLEMSUPDATE, CONSOLEUPDATE and EDITORUPDATE" NotifiedIncoming="true" Owner="local" Priority="P3" Reminded="false" RepositoryUrl="local" ScheduledEndDate="2013-05-11 23:59:59.999 +0200" ScheduledStartDate="2013-05-05 00:00:00.0 +0200" Stale="false" TaskId="14" offlineSyncState="SYNCHRONIZED"/><Task Active="false" ConnectorKind="local" CreationDate="2013-05-09 21:41:33.905 +0200" DueDate="" EndDate="" Estimated="0" Handle="local-20" IssueURL="" Kind="task" Label="scenario &quot;PRJ1&quot;" LastModified="now" MarkReadPending="false" ModificationDate="" Notes="The user can TYPECHECKPRJ RSL files in a project. This implies PROBLEMSUPDATE, CONSOLEUPDATE and EDITORUPDATE" NotifiedIncoming="true" Owner="local" Priority="P3" Reminded="false" RepositoryUrl="local" ScheduledEndDate="2013-05-11 23:59:59.999 +0200" ScheduledStartDate="2013-05-05 00:00:00.0 +0200" Stale="false" TaskId="20" offlineSyncState="SYNCHRONIZED"/><Task Active="false" ConnectorKind="local" CreationDate="2013-05-09 21:44:04.626 +0200" DueDate="" EndDate="" Estimated="0" Handle="local-22" IssueURL="" Kind="task" Label="scenario &quot;EDT1&quot;" LastModified="now" MarkReadPending="false" ModificationDate="" Notes="The user can TYPECHECK the active file. This implies PROBLEMSUPDATE, CONSOLEUPDATE and EDITORUPDATE" NotifiedIncoming="true" Owner="local" Priority="P3" Reminded="false" RepositoryUrl="local" ScheduledEndDate="2013-05-11 23:59:59.999 +0200" ScheduledStartDate="2013-05-05 00:00:00.0 +0200" Stale="false" TaskId="22" offlineSyncState="SYNCHRONIZED"/><Task Active="false" ConnectorKind="local" CreationDate="2013-05-09 21:36:14.256 +0200" DueDate="" EndDate="" Estimated="0" Handle="local-13" IssueURL="" Kind="task" Label="scenario &quot;MENU3&quot;" LastModified="now" MarkReadPending="false" ModificationDate="" Notes="&quot;The user can RUNALLTESTS cases in the workspace. This implies RTESTUPDATE, PROBLEMSUPDATE, CONSOLEUPDATE and EDITORUPDATE" NotifiedIncoming="true" Owner="local" Priority="P3" Reminded="false" RepositoryUrl="local" ScheduledEndDate="2013-05-11 23:59:59.999 +0200" ScheduledStartDate="2013-05-05 00:00:00.0 +0200" Stale="false" TaskId="13" offlineSyncState="SYNCHRONIZED"/><Task Active="false" ConnectorKind="local" CreationDate="2013-05-09 21:39:22.465 +0200" DueDate="" EndDate="" Estimated="0" Handle="local-17" IssueURL="" Kind="task" Label="scenario &quot;MENU2&quot;" LastModified="now" MarkReadPending="false" ModificationDate="" Notes="The user can SMLTRANSLATEALL RSL files in the workspace. This implies PROBLEMSUPDATE, CONSOLEUPDATE and EDITORUPDATE" NotifiedIncoming="true" Owner="local" Priority="P3" Reminded="false" RepositoryUrl="local" ScheduledEndDate="2013-05-11 23:59:59.999 +0200" ScheduledStartDate="2013-05-05 00:00:00.0 +0200" Stale="false" TaskId="17" offlineSyncState="SYNCHRONIZED"/><Task Active="false" ConnectorKind="local" CreationDate="2013-05-09 21:39:53.879 +0200" DueDate="" EndDate="" Estimated="0" Handle="local-18" IssueURL="" Kind="task" Label="scenario &quot;EDT2&quot;" LastModified="now" MarkReadPending="false" ModificationDate="" Notes="The user can SMLTRANSLATE the active RSL file. This implies PROBLEMSUPDATE, CONSOLEUPDATE and EDITORUPDATE" NotifiedIncoming="true" Owner="local" Priority="P3" Reminded="false" RepositoryUrl="local" ScheduledEndDate="2013-05-11 23:59:59.999 +0200" ScheduledStartDate="2013-05-05 00:00:00.0 +0200" Stale="false" TaskId="18" offlineSyncState="SYNCHRONIZED"/><Task Active="false" ConnectorKind="local" CreationDate="2013-05-09 21:45:33.797 +0200" DueDate="" EndDate="" Estimated="0" Handle="local-23" IssueURL="" Kind="task" Label="New Task" LastModified="now" MarkReadPending="false" ModificationDate="" Notes="" NotifiedIncoming="true" Owner="local" Priority="P3" Reminded="false" RepositoryUrl="local" ScheduledEndDate="2013-05-11 23:59:59.999 +0200" ScheduledStartDate="2013-05-05 00:00:00.0 +0200" Stale="false" TaskId="23" offlineSyncState="SYNCHRONIZED"/><Task Active="false" ConnectorKind="local" CreationDate="2013-05-15 14:17:53.711 +0200" DueDate="" EndDate="" Estimated="0" Handle="local-24" IssueURL="" Kind="task" Label="scenario &quot;CNS1&quot;" LastModified="now" MarkReadPending="false" ModificationDate="" Notes="The user can see the success or failure messages with CONSOLEUPDATE" NotifiedIncoming="true" Owner="local" Priority="P3" Reminded="false" RepositoryUrl="local" ScheduledEndDate="2013-05-18 23:59:59.999 +0200" ScheduledStartDate="2013-05-12 00:00:00.0 +0200" Stale="false" TaskId="24" offlineSyncState="SYNCHRONIZED"/><Task Active="false" ConnectorKind="local" CreationDate="2013-05-09 21:41:59.354 +0200" DueDate="" EndDate="" Estimated="0" Handle="local-21" IssueURL="" Kind="task" Label="scenario &quot;MENU1&quot;" LastModified="now" MarkReadPending="false" ModificationDate="" Notes="The user can TYPECHECKALL RSL files in the workspace. This implies PROBLEMSUPDATE, CONSOLEUPDATE and EDITORUPDATE" NotifiedIncoming="true" Owner="local" Priority="P3" Reminded="false" RepositoryUrl="local" ScheduledEndDate="2013-05-11 23:59:59.999 +0200" ScheduledStartDate="2013-05-05 00:00:00.0 +0200" Stale="false" TaskId="21" offlineSyncState="SYNCHRONIZED"/><Task Active="false" ConnectorKind="local" CreationDate="2013-05-09 21:38:03.636 +0200" DueDate="" EndDate="" Estimated="0" Handle="local-15" IssueURL="" Kind="task" Label="scenario &quot;PRJF2&quot;" LastModified="now" MarkReadPending="false" ModificationDate="" Notes="The user can translate to SML one RSL file. This implies CONSOLEUPDATE, PROBLEMSUPDAT and EDITORUPDATE&quot;" NotifiedIncoming="true" Owner="local" Priority="P3" Reminded="false" RepositoryUrl="local" ScheduledEndDate="2013-05-11 23:59:59.999 +0200" ScheduledStartDate="2013-05-05 00:00:00.0 +0200" Stale="false" TaskId="15" offlineSyncState="SYNCHRONIZED"/><Task Active="false" ConnectorKind="local" CreationDate="2013-05-09 21:35:33.73 +0200" DueDate="" EndDate="" Estimated="0" Handle="local-12" IssueURL="" Kind="task" Label="scenario &quot;PRJ3&quot;" LastModified="now" MarkReadPending="false" ModificationDate="" Notes="The user can RUNTESTSPRJ cases in a project. This implies RTESTUPDATE, PROBLEMSUPDATE, CONSOLEUPDATE and EDITORUPDATE" NotifiedIncoming="true" Owner="local" Priority="P3" Reminded="false" RepositoryUrl="local" ScheduledEndDate="2013-05-11 23:59:59.999 +0200" ScheduledStartDate="2013-05-05 00:00:00.0 +0200" Stale="false" TaskId="12" offlineSyncState="SYNCHRONIZED"/><TaskCategory Handle="handle-4" Name="3 Run test cases"><TaskReference Handle="local-11"/><TaskReference Handle="local-12"/><TaskReference Handle="local-13"/><TaskReference Handle="local-14"/></TaskCategory><TaskCategory Handle="handle-7" Name="4 Generate Latex"><TaskReference Handle="local-23"/></TaskCategory><TaskCategory Handle="handle-6" Name="1 Type check"><TaskReference Handle="local-19"/><TaskReference Handle="local-20"/><TaskReference Handle="local-21"/><TaskReference Handle="local-24"/><TaskReference Handle="local-22"/></TaskCategory><TaskCategory Handle="handle-5" Name="2 Translate to SML"><TaskReference Handle="local-15"/><TaskReference Handle="local-16"/><TaskReference Handle="local-17"/><TaskReference Handle="local-18"/></TaskCategory><TaskCategory Handle="Uncategorized" Name="Uncategorized"/></TaskList>